/common/ahy/fogdata/demo/frankfurt_000000_000294_leftImg8bit.png,0
/common/ahy/fogdata/demo/frankfurt_000000_000294_leftImg8bit_foggy_beta_0.005.png,0.1
/common/ahy/fogdata/demo/frankfurt_000000_000294_leftImg8bit_foggy_beta_0.01.png,0.2
/common/ahy/fogdata/demo/frankfurt_000000_000294_leftImg8bit_foggy_beta_0.02.png,0.4
/common/ahy/fogdata/demo/frankfurt_000000_000576_leftImg8bit.png,0
/common/ahy/fogdata/demo/frankfurt_000000_000576_leftImg8bit_foggy_beta_0.005.png,0.1
/common/ahy/fogdata/demo/frankfurt_000000_000576_leftImg8bit_foggy_beta_0.01.png,0.2
/common/ahy/fogdata/demo/frankfurt_000000_000576_leftImg8bit_foggy_beta_0.02.png,0.4
/common/ahy/fogdata/demo/frankfurt_000000_001236_leftImg8bit.png,0
/common/ahy/fogdata/demo/frankfurt_000000_001236_leftImg8bit_foggy_beta_0.005.png,0.1
/common/ahy/fogdata/demo/frankfurt_000000_001236_leftImg8bit_foggy_beta_0.01.png,0.2
/common/ahy/fogdata/demo/frankfurt_000000_001236_leftImg8bit_foggy_beta_0.02.png,0.4
/common/ahy/fogdata/demo/frankfurt_000000_001751_leftImg8bit.png,0
/common/ahy/fogdata/demo/frankfurt_000000_001751_leftImg8bit_foggy_beta_0.005.png,0.1
/common/ahy/fogdata/demo/frankfurt_000000_001751_leftImg8bit_foggy_beta_0.01.png,0.2
/common/ahy/fogdata/demo/frankfurt_000000_001751_leftImg8bit_foggy_beta_0.02.png,0.4
/common/ahy/fogdata/demo/frankfurt_000000_002196_leftImg8bit.png,0
/common/ahy/fogdata/demo/frankfurt_000000_002196_leftImg8bit_foggy_beta_0.005.png,0.1
/common/ahy/fogdata/demo/frankfurt_000000_002196_leftImg8bit_foggy_beta_0.01.png,0.2
/common/ahy/fogdata/demo/frankfurt_000000_002196_leftImg8bit_foggy_beta_0.02.png,0.4
/common/ahy/fogdata/demo/frankfurt_000000_005898_leftImg8bit.png,0
/common/ahy/fogdata/demo/frankfurt_000000_005898_leftImg8bit_foggy_beta_0.005.png,0.1
/common/ahy/fogdata/demo/frankfurt_000000_005898_leftImg8bit_foggy_beta_0.01.png,0.2
/common/ahy/fogdata/demo/frankfurt_000000_005898_leftImg8bit_foggy_beta_0.02.png,0.4
/common/ahy/fogdata/demo/frankfurt_000000_009688_leftImg8bit.png,0
/common/ahy/fogdata/demo/frankfurt_000000_009688_leftImg8bit_foggy_beta_0.005.png,0.1
/common/ahy/fogdata/demo/frankfurt_000000_009688_leftImg8bit_foggy_beta_0.01.png,0.2
/common/ahy/fogdata/demo/frankfurt_000000_009688_leftImg8bit_foggy_beta_0.02.png,0.4
/common/ahy/fogdata/demo/frankfurt_000000_011007_leftImg8bit.png,0
/common/ahy/fogdata/demo/frankfurt_000000_011007_leftImg8bit_foggy_beta_0.005.png,0.1
/common/ahy/fogdata/demo/frankfurt_000000_011007_leftImg8bit_foggy_beta_0.01.png,0.2
/common/ahy/fogdata/demo/frankfurt_000000_011007_leftImg8bit_foggy_beta_0.02.png,0.4
/common/ahy/fogdata/demo/frankfurt_000000_011810_leftImg8bit.png,0
/common/ahy/fogdata/demo/frankfurt_000000_011810_leftImg8bit_foggy_beta_0.005.png,0.1
/common/ahy/fogdata/demo/frankfurt_000000_011810_leftImg8bit_foggy_beta_0.01.png,0.2
/common/ahy/fogdata/demo/frankfurt_000000_011810_leftImg8bit_foggy_beta_0.02.png,0.4
/common/ahy/fogdata/demo/frankfurt_000000_015389_leftImg8bit.png,0
/common/ahy/fogdata/demo/frankfurt_000000_015389_leftImg8bit_foggy_beta_0.005.png,0.1
/common/ahy/fogdata/demo/frankfurt_000000_015389_leftImg8bit_foggy_beta_0.01.png,0.2
/common/ahy/fogdata/demo/frankfurt_000000_015389_leftImg8bit_foggy_beta_0.02.png,0.4
/common/ahy/fogdata/fog/web_012217_fogalbion4_leftImg8bit.png,0.9
/common/ahy/fogdata/fog/pedestrian_20161201_101809_leftImg8bit.png,0.5
/common/ahy/fogdata/fog/web_5402273377_00e789f3ce_leftImg8bit.png,0.8
/common/ahy/fogdata/fog/web_2269771660_d43b11e65e_leftImg8bit.png,0.9
/common/ahy/fogdata/fog/web_6925417403_0d577e62fc_leftImg8bit.png,0.7
/common/ahy/fogdata/fog/web_15593947834_c5711418f3_leftImg8bit.png,0.7
/common/ahy/fogdata/fog/public_20161213_083008_leftImg8bit.png,0.4
/common/ahy/fogdata/fog/public_20161213_082426_leftImg8bit.png,0.2
/common/ahy/fogdata/fog/web_Foggy_Waldinger_leftImg8bit.png,0.2
/common/ahy/fogdata/fog/pedestrian_20161212_094945_leftImg8bit.png,0.2
/common/ahy/fogdata/fog/public_20161213_081817_leftImg8bit.png,0.2
/common/ahy/fogdata/fog/web_3128338048_3cbb49de9f_leftImg8bit.png,0.6
/common/ahy/fogdata/fog/web_20080313_Foggy_leftImg8bit.png,0.4
/common/ahy/fogdata/fog/public_20161213_083206_leftImg8bit.png,0.1
/common/ahy/fogdata/fog/pedestrian_20161201_102320_leftImg8bit.png,0.2
/common/ahy/fogdata/fog/web_3128334652_c3f0ffdb16_leftImg8bit.png,0.2
/common/ahy/fogdata/fog/pedestrian_20161201_101441_leftImg8bit.png,0.3
/common/ahy/fogdata/fog/public_20161213_082948_leftImg8bit.png,0.4
/common/ahy/fogdata/fog/public_20161213_081950_leftImg8bit.png,0.2
/common/ahy/fogdata/fog/pedestrian_20170225_094838_leftImg8bit.png,0.4
/common/ahy/fogdata/fog/web_3959114042_b735f81279_leftImg8bit.png,0.7
/common/ahy/fogdata/fog/pedestrian_20161212_094201_leftImg8bit.png,0.5
/common/ahy/fogdata/fog/web_3127505619_8ed5ec8947_leftImg8bit.png,0.7
/common/ahy/fogdata/fog/public_20161213_081721_leftImg8bit.png,0.5
/common/ahy/fogdata/fog/web_32664659360_c21c6c15c5_leftImg8bit.png,0.6
/common/ahy/fogdata/fog/web_3127510311_f80e608196_leftImg8bit.png,0.7
/common/ahy/fogdata/fog/web_8263125502_1fc2c86cc1_leftImg8bit.png,0.8
/common/ahy/fogdata/fog/web_3128332316_6803ee04b9_leftImg8bit.png,0.6
/common/ahy/fogdata/fog/web_2144738053_f1a3fb42db_leftImg8bit.png,0.8
/common/ahy/fogdata/fog/web_16488592255_c622130769_leftImg8bit.png,0.7
/common/ahy/fogdata/fog/pedestrian_20161212_094324_leftImg8bit.png,0.6
/common/ahy/fogdata/fog/web_33032935975_a8b8617c86_leftImg8bit.png,0.7
/common/ahy/fogdata/fog/pedestrian_20161201_101632_leftImg8bit.png,0.1
/common/ahy/fogdata/fog/pedestrian_20161212_094325_leftImg8bit.png,0.3
/common/ahy/fogdata/fog/web_3128336934_3757551674_leftImg8bit.png,0.2
/common/ahy/fogdata/fog/web_8050286343_fb56b08ce7_leftImg8bit.png,0.6
/common/ahy/fogdata/fog/pedestrian_20170225_094934_leftImg8bit.png,0.6
/common/ahy/fogdata/fog/web_12072159786_66ec504c8d_leftImg8bit.png,0.7
/common/ahy/fogdata/fog/web_tim_thumb_leftImg8bit.png,0.8
/common/ahy/fogdata/fog/pedestrian_20161212_094813_leftImg8bit.png,0.8
/common/ahy/fogdata/fog/web_3127509033_cd47cd5806_leftImg8bit.png,0.6
/common/ahy/fogdata/fog/web_13811223744_5e14bfd1db_leftImg8bit.png,0.4
/common/ahy/fogdata/fog/web_3959112536_3a1112e59f_leftImg8bit.png,0.5
/common/ahy/fogdata/fog/web_3128331518_0a9792c082_leftImg8bit.png,0.6
/common/ahy/fogdata/fog/web_2371463150_f663cc6d21_leftImg8bit.png,0.7
/common/ahy/fogdata/fog/web_NCS_20160226072105_leftImg8bit.png,0.6
/common/ahy/SMET/Scripts/SMET/dataset/cityscapes/addcar/org/frankfurt_000000_001236_leftImg8bit.png,0
/common/ahy/SMET/Scripts/SMET/dataset/cityscapes/addcar/org/frankfurt_000001_062016_leftImg8bit.png,0
/common/ahy/SMET/Scripts/SMET/dataset/cityscapes/addcar/org/frankfurt_000001_068772_leftImg8bit.png,0
/common/ahy/SMET/Scripts/SMET/dataset/cityscapes/addcar/org/frankfurt_000001_038418_leftImg8bit.png,0
/common/ahy/SMET/Scripts/SMET/dataset/cityscapes/addcar/org/frankfurt_000000_009688_leftImg8bit.png,0
/common/ahy/SMET/Scripts/SMET/dataset/cityscapes/addcar/org/frankfurt_000001_068208_leftImg8bit.png,0
/common/ahy/SMET/Scripts/SMET/dataset/cityscapes/addcar/org/frankfurt_000001_023369_leftImg8bit.png,0
/common/ahy/SMET/Scripts/SMET/dataset/udacity/testing/center/1479425604111057165.jpg,0
/common/ahy/SMET/Scripts/SMET/dataset/udacity/testing/center/1479425679774350066.jpg,0
/common/ahy/SMET/Scripts/SMET/dataset/udacity/testing/center/1479425624314538849.jpg,0
/common/ahy/SMET/Scripts/SMET/dataset/udacity/testing/center/1479425673973327248.jpg,0
/common/ahy/SMET/Scripts/SMET/dataset/udacity/testing/center/1479425565004192469.jpg,0
/common/ahy/SMET/Scripts/SMET/dataset/udacity/testing/center/1479425442432797491.jpg,0
/common/ahy/SMET/Scripts/SMET/dataset/udacity/testing/center/1479425672773028473.jpg,0
/common/ahy/SMET/Scripts/SMET/dataset/udacity/testing/center/1479425445483382125.jpg,0
/common/ahy/SMET/Scripts/SMET/dataset/udacity/testing/center/1479425571455369573.jpg,0
/common/ahy/SMET/Scripts/SMET/dataset/udacity/testing/center/1479425546851017408.jpg,0
/common/ahy/SMET/Scripts/SMET/dataset/udacity/testing/center/1479425666071902171.jpg,0
/common/ahy/SMET/Scripts/SMET/dataset/udacity/testing/center/1479425677423810765.jpg,0
/common/ahy/SMET/Scripts/SMET/dataset/udacity/testing/center/1479425561853701249.jpg,0
/common/ahy/SMET/Scripts/SMET/dataset/udacity/testing/center/1479425681074593980.jpg,0
/common/ahy/SMET/Scripts/SMET/dataset/udacity/testing/center/1479425696727245411.jpg,0
/common/ahy/SMET/Scripts/SMET/dataset/udacity/testing/center/1479425666672010082.jpg,0
/common/ahy/fogdata/fog/pedestrian_20161201_101809_leftImg8bit.png,0.6
/common/ahy/fogdata/fog/public_20161213_082223_leftImg8bit.png,0.4
/common/ahy/fogdata/fog/pedestrian_20161212_094402_leftImg8bit.png,0.5
/common/ahy/fogdata/fog/web_2460794106_dbabe29f49_leftImg8bit.png,0.8
/common/ahy/fogdata/fog/web_2460794106_dbabe29f49_leftImg8bit.png,0.8
/common/ahy/fogdata/fog/web_4247692808_e8c331417d_leftImg8bit.png,0.8
/common/ahy/fogdata/fog/web_11111490296_c35d8415ff_leftImg8bit.png,0.8
/common/ahy/fogdata/fog/pedestrian_20161201_102211_leftImg8bit.png,0.2
/common/ahy/fogdata/fog/web_8546258268_5aabe6779e_leftImg8bit.png,0.7
/common/ahy/fogdata/fog/web_foggy_street_leftImg8bit.png,0.4
/common/ahy/fogdata/fog/web_fog_5_leftImg8bit.png,0.6
/common/ahy/fogdata/fog/web_5378529177_51ff165684_leftImg8bit.png,0.7
/common/ahy/fogdata/fog/web_3127503495_bc0955716f_leftImg8bit.png,0.6
/common/ahy/fogdata/fog/web_9443635508_ccb844c48d_leftImg8bit.png,0.6
/common/ahy/fogdata/fog/web_Foggy_Portland_leftImg8bit.png,0.6
/common/ahy/fogdata/fog/pedestrian_20170225_094512_leftImg8bit.png,0.6
/common/ahy/fogdata/fog/web_img_1055_leftImg8bit.png,0.4
/common/ahy/fogdata/fog/pedestrian_20170225_095047_leftImg8bit.png,0.4
/common/ahy/fogdata/fog/web_5402273377_00e789f3ce_leftImg8bit.png,0.6
/common/ahy/fogdata/fog/web_2269771660_d43b11e65e_leftImg8bit.png,0.8
/common/ahy/fogdata/fog/pedestrian_20161201_101324_leftImg8bit.png,0.1
/common/ahy/fogdata/fog/pedestrian_20161201_101436_leftImg8bit.png,0.1
/common/ahy/fogdata/fog/pedestrian_20161201_101441_leftImg8bit.png,0.2
/common/ahy/fogdata/fog/pedestrian_20161201_101632_leftImg8bit.png,0.2
/common/ahy/fogdata/fog/pedestrian_20161201_102211_leftImg8bit.png,0.1
/common/ahy/fogdata/fog/pedestrian_20161201_102320_leftImg8bit.png,0.1
/common/ahy/fogdata/fog/pedestrian_20161201_102527_leftImg8bit.png,0.1
/common/ahy/fogdata/fog/pedestrian_20161212_094201_leftImg8bit.png,0.3
/common/ahy/fogdata/fog/pedestrian_20161212_094324_leftImg8bit.png,0.4
/common/ahy/fogdata/fog/pedestrian_20161212_094325_leftImg8bit.png,0.4
/common/ahy/fogdata/fog/pedestrian_20161212_094402_leftImg8bit.png,0.4
/common/ahy/fogdata/fog/pedestrian_20161212_094549_leftImg8bit.png,0.5
/common/ahy/fogdata/fog/pedestrian_20161212_094633_leftImg8bit.png,0.5
/common/ahy/fogdata/fog/pedestrian_20161212_094945_leftImg8bit.png,0.4
/common/ahy/fogdata/fog/pedestrian_20161212_095022_leftImg8bit.png,0.5
/common/ahy/fogdata/fog/pedestrian_20170225_094814_leftImg8bit.png,0.5
/common/ahy/fogdata/fog/pedestrian_20170225_094814_leftImg8bit.png,0.5
/common/ahy/fogdata/fog/pedestrian_20170225_094825_leftImg8bit.png,0.5
/common/ahy/fogdata/fog/pedestrian_20170225_094838_leftImg8bit.png,0.6
/common/ahy/fogdata/fog/pedestrian_20170225_094934_leftImg8bit.png,0.6
/common/ahy/fogdata/fog/pedestrian_20170225_095047_leftImg8bit.png,0.6
/common/ahy/fogdata/fog/public_20161213_081721_leftImg8bit.png,0.1
/common/ahy/fogdata/fog/public_20161213_081724_leftImg8bit.png,0.1
/common/ahy/fogdata/fog/public_20161213_081801_leftImg8bit.png,0.2
/common/ahy/fogdata/fog/public_20161213_081942_leftImg8bit.png,0.1
/common/ahy/fogdata/fog/public_20161213_081946_leftImg8bit.png,0.1
/common/ahy/fogdata/fog/public_20161213_082117_leftImg8bit.png,0.3
/common/ahy/fogdata/fog/public_20161213_082937_leftImg8bit.png,0.2
/common/ahy/fogdata/fog/public_20161213_083008_leftImg8bit.png,0.2
/common/ahy/fogdata/fog/public_20161213_083008_leftImg8bit.png,0.2
/common/ahy/fogdata/fog/web_11111490296_c35d8415ff_leftImg8bit.png,0.8
/common/ahy/fogdata/fog/web_12072159786_66ec504c8d_leftImg8bit.png,0.7
/common/ahy/fogdata/fog/web_13811223744_5e14bfd1db_leftImg8bit.png,0.6
/common/ahy/fogdata/fog/web_20111218_avalon_leftImg8bit.png,0.5
/common/ahy/fogdata/fog/web_2144738053_f1a3fb42db_leftImg8bit.png,0.8
/common/ahy/fogdata/fog/web_2144738053_f1a3fb42db_leftImg8bit.png,0.8
/common/ahy/fogdata/fog/web_2371463150_f663cc6d21_leftImg8bit.png,0.6
/common/ahy/fogdata/fog/web_3116608481_a2ebc5768a_leftImg8bit.png,0.6
/common/ahy/fogdata/fog/web_3127503343_918edd5ba9_leftImg8bit.png,0.5
/common/ahy/fogdata/fog/web_3127503495_bc0955716f_leftImg8bit.png,0.5
/common/ahy/fogdata/fog/web_3127505619_8ed5ec8947_leftImg8bit.png,0.7
/common/ahy/fogdata/fog/web_3127509033_cd47cd5806_leftImg8bit.png,0.6
/common/ahy/fogdata/fog/web_3127510311_f80e608196_leftImg8bit.png,0.6
/common/ahy/fogdata/fog/web_3128331518_0a9792c082_leftImg8bit.png,0.6
/common/ahy/fogdata/fog/web_3128333920_1233b35135_leftImg8bit.png,0.4
/common/ahy/fogdata/fog/web_3128334652_c3f0ffdb16_leftImg8bit.png,0.1
/common/ahy/fogdata/fog/web_3128336934_3757551674_leftImg8bit.png,0.1
/common/ahy/fogdata/fog/web_3128338048_3cbb49de9f_leftImg8bit.png,0.6
/common/ahy/fogdata/fog/web_32664659360_c21c6c15c5_leftImg8bit.png,0.6
/common/ahy/fogdata/fog/web_3958340651_309c688f2b_leftImg8bit.png,0.3
/common/ahy/fogdata/fog/web_3959112536_3a1112e59f_leftImg8bit.png,0.4
/common/ahy/fogdata/fog/web_3959112536_3a1112e59f_leftImg8bit.png,0.4
/common/ahy/fogdata/fog/web_4247692808_e8c331417d_leftImg8bit.png,0.5
/common/ahy/fogdata/fog/web_5350823_1_leftImg8bit.png,0.6
/common/ahy/fogdata/fog/web_5378529177_51ff165684_leftImg8bit.png,0.8
/common/ahy/fogdata/fog/web_5402273377_00e789f3ce_leftImg8bit.png,0.6
/common/ahy/fogdata/fog/web_6925417403_0d577e62fc_leftImg8bit.png,0.8
/common/ahy/fogdata/fog/web_8050286343_fb56b08ce7_leftImg8bit.png,0.7
/common/ahy/fogdata/fog/web_8050286343_fb56b08ce7_leftImg8bit.png,0.7
/common/ahy/fogdata/fog/web_8263125502_1fc2c86cc1_leftImg8bit.png,0.6
/common/ahy/fogdata/fog/web_8546258268_5aabe6779e_leftImg8bit.png,0.8
/common/ahy/fogdata/fog/web_9443635508_ccb844c48d_leftImg8bit.png,0.8
/common/ahy/fogdata/fog/web_Foggy_Portland_leftImg8bit.png,0.3
/common/ahy/fogdata/fog/web_foggy_street_leftImg8bit.png,0.2
/common/ahy/fogdata/fog/web_Foggy_Waldinger_leftImg8bit.png,0.2
/common/ahy/fogdata/fog/web_fog_1_leftImg8bit.png,0.4
/common/ahy/fogdata/fog/web_fog_5_leftImg8bit.png,0.6
/common/ahy/fogdata/fog/web_fog_tcr_leftImg8bit.png,0.6
/common/ahy/fogdata/fog/web_img_1055_leftImg8bit.png,0.4
/common/ahy/fogdata/fog/web_NCS_20160226072105_leftImg8bit.png,0.6
/common/ahy/fogdata/fog/web_tim_thumb_leftImg8bit.png,0.8
/common/ahy/fogdata/fog/web_tumblr_n3wkxqv7Xs1sp7ozko1_leftImg8bit.png,0.9
/common/ahy/fogdata/fog/web_U137P200T1D308834F12DT_20100315001722_leftImg8bit.png,0.7
/common/ahy/fogdata/fog/0025_0.85_0.16.jpg,0.2
/common/ahy/fogdata/fog/LIma-000007.png,0
/common/ahy/fogdata/fog/0025_0.8_0.2.jpg,0.4
/common/ahy/fogdata/fog/0025_0.9_0.16.jpg,0.3
/common/ahy/fogdata/fog/0025_0.9_0.2.jpg,0.4
/common/ahy/fogdata/fog/0025_1_0.2.jpg,0.5
/common/ahy/fogdata/fog/0058_0.8_0.04.jpg,0
/common/ahy/fogdata/fog/0058_0.8_0.2.jpg,0.2
/common/ahy/fogdata/fog/0058_0.9_0.2.jpg,0.3
/common/ahy/fogdata/fog/0058_1_0.2.jpg,0.4
/common/ahy/fogdata/fog/2273_0.8_0.12.jpg,0
/common/ahy/fogdata/fog/2273_1_0.1.jpg,0.1
/common/ahy/fogdata/fog/2273_1_0.2.jpg,0.3
/common/ahy/fogdata/fog/2438_0.8_0.04.jpg,0
/common/ahy/fogdata/fog/2438_0.8_0.1.jpg,0.2
/common/ahy/fogdata/fog/2438_0.8_0.2.jpg,0.4
/common/ahy/fogdata/fog/2438_0.9_0.2.jpg,0.5
/common/ahy/fogdata/fog/2438_1_0.1.jpg,0.3
/common/ahy/fogdata/fog/2438_1_0.2.jpg,0.6
/common/ahy/fogdata/fog/2453_0.8_0.04.jpg,0
/common/ahy/fogdata/fog/2453_0.8_0.1.jpg,0.1
/common/ahy/fogdata/fog/2453_0.9_0.1.jpg,0.2
/common/ahy/fogdata/fog/2453_1_0.2.jpg,0.3
/common/ahy/fogdata/fog/K080-000001.png,0.3
/common/ahy/fogdata/fog/K080-000005.png,0.3
/common/ahy/fogdata/fog/K080-000006.png,0.4
/common/ahy/fogdata/fog/K080-000007.png,0.4
/common/ahy/fogdata/fog/K080-000010.png,0.5
/common/ahy/fogdata/fog/K080-000011.png,0.4
/common/ahy/fogdata/fog/K080-000016.png,0.3
/common/ahy/fogdata/fog/L080-000001.png,0.5
/common/ahy/fogdata/fog/L080-000003.png,0.6
/common/ahy/fogdata/fog/L080-000004.png,0.4
/common/ahy/fogdata/fog/L080-000005.png,0.6
/common/ahy/fogdata/fog/L080-000008.png,0.7
/common/ahy/fogdata/fog/L080-000009.png,0.8
/common/ahy/fogdata/fog/L080-000011.png,0.7
/common/ahy/fogdata/fog/L080-000013.png,0.7
/common/ahy/fogdata/fog/L080-000016.png,0.8
/common/ahy/fogdata/fog/LIma-000001.png,0
/common/ahy/fogdata/fog/LIma-000003.png,0
/common/ahy/fogdata/fog/LIma-000005.png,0
/common/ahy/fogdata/fog/LIma-000007.png,0
/common/ahy/fogdata/img/AM_Google_228.png,0.8
/common/ahy/fogdata/img/AM_Google_244.png,0.9
/common/ahy/fogdata/img/AM_Google_707.png,0.8
/common/ahy/fogdata/img/BD_Baidu_000.png,0.7
/common/ahy/fogdata/img/BD_Baidu_007.png,0.8
/common/ahy/fogdata/img/BD_Baidu_022.png,0.7
/common/ahy/fogdata/img/BD_Baidu_023.png,0.9
/common/ahy/fogdata/img/BD_Baidu_042.jpeg,0.7
/common/ahy/fogdata/img/BD_Baidu_050.png,0.6
/common/ahy/fogdata/img/BD_Baidu_058.png,0.8
/common/ahy/fogdata/img/BD_Baidu_074.png,0.6
/common/ahy/fogdata/img/BD_Baidu_078.png,0.7
/common/ahy/fogdata/img/BD_Baidu_084.png,0.5
/common/ahy/fogdata/img/BD_Baidu_104.png,0.6
/common/ahy/fogdata/img/BD_Baidu_105.png,0.5
/common/ahy/fogdata/img/BD_Baidu_116.png,0.8
/common/ahy/fogdata/img/BD_Baidu_117.png,0.8
/common/ahy/fogdata/img/BD_Baidu_133.png,0.8
/common/ahy/fogdata/img/BD_Baidu_134.png,0.8
/common/ahy/fogdata/img/BD_Baidu_18.png,0.4
/common/ahy/fogdata/img/BD_Baidu_181.jpeg,0.5
/common/ahy/fogdata/img/BD_Baidu_200.png,0.6
/common/ahy/fogdata/img/BD_Baidu_208.png,0.6
/common/ahy/fogdata/img/BD_Baidu_222.png,0.8
/common/ahy/fogdata/img/BD_Baidu_222.png,0.7
/common/ahy/fogdata/img/BD_Baidu_224.png,0.7
/common/ahy/fogdata/img/BD_Baidu_254.png,0.7
/common/ahy/fogdata/img/BD_Baidu_355.png,0.5
/common/ahy/fogdata/img/BD_Baidu_451.png,0.4
/common/ahy/fogdata/img/BD_Baidu_464.png,0.9
/common/ahy/fogdata/img/BD_Bing_068.png,0.8
/common/ahy/fogdata/img/BD_Bing_096.png,0.6
/common/ahy/fogdata/img/BD_Bing_195.png,0.8
/common/ahy/fogdata/img/BD_Bing_303.png,0.9
/common/ahy/fogdata/img/BD_Bing_555.jpeg,0.6
/common/ahy/fogdata/img/BD_Bing_664.png,0.5
/common/ahy/fogdata/img/BD_Bing_695.png,0.5
/common/ahy/fogdata/img/BD_Google_004.jpeg,0.9
/common/ahy/fogdata/img/BD_Google_015.jpeg,0.5
/common/ahy/fogdata/img/BD_Google_015.jpeg,0.5
/common/ahy/fogdata/img/BD_Google_249.png,0.7
/common/ahy/fogdata/img/BD_Google_343.png,0.5
/common/ahy/fogdata/img/BD_Google_377.jpeg,0.9
/common/ahy/fogdata/img/BD_Google_435.png,0.7
/common/ahy/fogdata/img/BD_Google_466.png,0.7
/common/ahy/fogdata/img/BD_Google_466.png,0.7
/common/ahy/fogdata/img/BJ_Baidu_029.png,0.5
/common/ahy/fogdata/img/BJ_Baidu_069.png,0.4
/common/ahy/fogdata/img/BJ_Baidu_132.png,1
/common/ahy/fogdata/img/BJ_Baidu_138.jpeg,0.2
/common/ahy/fogdata/img/BJ_Baidu_21.png,0.3
/common/ahy/fogdata/img/BJ_Baidu_309.png,0.3
/common/ahy/fogdata/img/BJ_Baidu_398.jpeg,0.2
/common/ahy/fogdata/img/BJ_Baidu_597.png,0.7
/common/ahy/fogdata/img/BJ_Bing_224.jpeg,0.5
/common/ahy/fogdata/img/BJ_Bing_266.png,0.8
/common/ahy/fogdata/img/BJ_Bing_272.png,0.9
/common/ahy/fogdata/img/BJ_Bing_462.jpeg,0.7
/common/ahy/fogdata/img/BJ_Bing_682.png,0.3
/common/ahy/fogdata/img/BJ_Google_555.png,0.7
/common/ahy/fogdata/img/CC_Baidu_083.png,0.2
/common/ahy/fogdata/img/CC_Google_016.jpeg,0.9
/common/ahy/fogdata/img/CC_Google_051.jpeg,0.9
/common/ahy/fogdata/img/CC_Google_058.jpeg,0.8
/common/ahy/fogdata/img/CQ_Google_615.jpeg,0.8
/common/ahy/fogdata/img/FogDr_Google_387.png,0.4
/common/ahy/fogdata/img/FogDr_Google_414.jpeg,0.2
/common/ahy/fogdata/img/FogDr_Google_605.jpeg,0.3
/common/ahy/fogdata/img/GSGL_Baidu_004.jpeg,0.5
/common/ahy/fogdata/img/GSGL_Baidu_043.jpeg,0.4
/common/ahy/fogdata/img/GSGL_Baidu_048.jpeg,0.7
/common/ahy/fogdata/img/GSGL_Baidu_057.jpeg,0.7
/common/ahy/fogdata/img/GSGL_Baidu_1002.png,0.7
/common/ahy/fogdata/img/GSGL_Baidu_1038.jpeg,0.2
/common/ahy/fogdata/img/GSGL_Baidu_1038.png,0.2
/common/ahy/fogdata/img/GSGL_Baidu_1059.png,0.4
/common/ahy/fogdata/img/GSGL_Baidu_1104.png,0.9
/common/ahy/fogdata/img/GSGL_Baidu_1112.jpeg,0.1
/common/ahy/fogdata/img/GSGL_Baidu_1163.png,0.1
/common/ahy/fogdata/img/GSGL_Baidu_1167.jpeg,0.4
/common/ahy/fogdata/img/GSGL_Baidu_1176.jpeg,0.4
/common/ahy/fogdata/img/GSGL_Baidu_1191.png,0.8
/common/ahy/fogdata/img/GSGL_Baidu_1232.png,0.8
/common/ahy/fogdata/img/GSGL_Baidu_174.jpeg,0.8
/common/ahy/fogdata/img/GSGL_Baidu_229.jpeg,0.2
/common/ahy/fogdata/img/GSGL_Baidu_293.jpeg,0.6
/common/ahy/fogdata/img/GSGL_Baidu_296.jpeg,0.6
/common/ahy/fogdata/img/GSGL_Baidu_329.jpeg,0.1
/common/ahy/fogdata/img/GSGL_Baidu_447.jpeg,0.7
/common/ahy/fogdata/img/GSGL_Baidu_479.jpeg,0.5
/common/ahy/fogdata/img/GSGL_Baidu_489.jpeg,0.2
/common/ahy/fogdata/img/GSGL_Baidu_513.jpeg,0.6
/common/ahy/fogdata/img/GSGL_Baidu_622.png,0.2
/common/ahy/fogdata/img/GSGL_Baidu_623.jpeg,0.3
/common/ahy/fogdata/img/GSGL_Baidu_640.jpeg,0.3
/common/ahy/fogdata/img/GSGL_Baidu_644.jpeg,0.2
/common/ahy/fogdata/img/GSGL_Baidu_644.jpeg,0.2
/common/ahy/fogdata/img/GSGL_Baidu_651.jpeg,0.1
/common/ahy/fogdata/img/GSGL_Baidu_677.jpeg,0.2
/common/ahy/fogdata/img/GSGL_Baidu_687.jpeg,0.9
/common/ahy/fogdata/img/GSGL_Baidu_688.jpeg,0.2
/common/ahy/fogdata/img/GSGL_Baidu_789.jpeg,0.4
/common/ahy/fogdata/img/GSGL_Baidu_799.png,0.8
/common/ahy/fogdata/img/GSGL_Baidu_824.jpeg,0.2
/common/ahy/fogdata/img/GSGL_Baidu_830.png,0.8
/common/ahy/fogdata/img/GSGL_Baidu_834.jpeg,0.4
/common/ahy/fogdata/img/GSGL_Baidu_850.jpeg,0.5
/common/ahy/fogdata/img/GSGL_Baidu_852.png,0.5
/common/ahy/fogdata/img/GSGL_Baidu_946.jpeg,0.2
/common/ahy/fogdata/img/GSGL_Baidu_959.jpeg,0.6
/common/ahy/fogdata/img/GSGL_Bing_046.png,0.6
/common/ahy/fogdata/img/GSGL_Bing_049.png,0.8
/common/ahy/fogdata/img/GSGL_Bing_060.jpeg,0.7
/common/ahy/fogdata/img/GSGL_Bing_092.png,0.6
/common/ahy/fogdata/img/GSGL_Bing_167.png,0.7
/common/ahy/fogdata/img/GSGL_Bing_198.png,0.8
/common/ahy/fogdata/img/GSGL_Bing_378.png,0.8
/common/ahy/fogdata/img/GSGL_Bing_413.png,0.2
/common/ahy/fogdata/img/GSGL_Bing_413.png,0.6
/common/ahy/fogdata/img/GSGL_Bing_417.png,0.8
/common/ahy/fogdata/img/GSGL_Bing_446.png,0.8
/common/ahy/fogdata/img/GSGL_Bing_453.jpeg,0.7
/common/ahy/fogdata/img/GSGL_Bing_538.jpeg,0.8
/common/ahy/fogdata/img/GSGL_Bing_721.jpeg,0.7
/common/ahy/fogdata/img/GSGL_Bing_794.jpeg,0.7
/common/ahy/fogdata/img/GSGL_Bing_820.png,0.8
/common/ahy/fogdata/img/GSGL_Google_004.png,0.8
/common/ahy/fogdata/img/GSGL_Google_073.png,0.8
/common/ahy/fogdata/img/GSGL_Google_095.png,0.9
/common/ahy/fogdata/img/GSGL_Google_15.png,0.9
/common/ahy/fogdata/img/GSGL_Google_20.png,0.8
/common/ahy/fogdata/img/GSGL_Google_227.png,0.9
/common/ahy/fogdata/img/GSGL_Google_291.jpeg,0.6
/common/ahy/fogdata/img/GSGL_Google_328.jpeg,0.7
/common/ahy/fogdata/img/GSGL_Google_365.png,0.9
/common/ahy/fogdata/img/GSGL_Google_371.png,0.7
/common/ahy/fogdata/img/GSGL_Google_378.jpeg,0.1
/common/ahy/fogdata/img/GSGL_Google_382.png,0.6
/common/ahy/fogdata/img/GSGL_Google_402.png,0.6
/common/ahy/fogdata/img/GSGL_Google_461.png,0.7
/common/ahy/fogdata/img/GSGL_Google_485.png,0.7
/common/ahy/fogdata/img/GSGL_Google_49.png,0.8
/common/ahy/fogdata/img/GSGL_Google_655.png,0.8
/common/ahy/fogdata/img/GSGL_Google_700.jpeg,0.4
/common/ahy/fogdata/img/GSGL_Google_723.png,0.6
/common/ahy/fogdata/img/HazeDr_Bing_233.png,0.5
/common/ahy/fogdata/img/HazeDr_Google_192.png,0.5
/common/ahy/fogdata/img/HazeDr_Google_355.png,0.6
/common/ahy/fogdata/img/HazeDr_Google_415.png,0.2
/common/ahy/fogdata/img/HazeDr_Google_813.jpeg,0.8
/common/ahy/fogdata/img/HazyDr_Bing_296.jpeg,0.3
/common/ahy/fogdata/img/HazyDr_Google_277.jpeg,0.7
/common/ahy/fogdata/img/HC_Bing_388.png,0.6
/common/ahy/fogdata/img/HC_Google_339.png,0.8
/common/ahy/fogdata/img/HC_Google_432.png,0.3
/common/ahy/fogdata/img/HEB_Baidu_003.png,0.8
/common/ahy/fogdata/img/HEB_Baidu_008.png,0.8
/common/ahy/fogdata/img/HEB_Baidu_036.png,0.6
/common/ahy/fogdata/img/HEB_Baidu_054.jpeg,0.6
/common/ahy/fogdata/img/HEB_Baidu_055.jpeg,0.7
/common/ahy/fogdata/img/HEB_Baidu_075.png,0.8
/common/ahy/fogdata/img/HEB_Baidu_144.png,0.9
/common/ahy/fogdata/img/HEB_Baidu_160.jpeg,0.7
/common/ahy/fogdata/img/HEB_Baidu_260.jpeg,0.8
/common/ahy/fogdata/img/HEB_Baidu_28.png,0.8
/common/ahy/fogdata/img/HEB_Baidu_282.jpeg,0.9
/common/ahy/fogdata/img/HEB_Baidu_408.jpeg,0.9
/common/ahy/fogdata/img/HEB_Baidu_416.png,0.9
/common/ahy/fogdata/img/HEB_Baidu_428.png,0.8
/common/ahy/fogdata/img/HEB_Baidu_458.png,0.8
/common/ahy/fogdata/img/HEB_Baidu_462.png,0.4
/common/ahy/fogdata/img/HEB_Baidu_501.jpeg,0.8
/common/ahy/fogdata/img/HEB_Baidu_506.jpeg,0.2
/common/ahy/fogdata/img/HEB_Baidu_508.png,0.5
/common/ahy/fogdata/img/HEB_Baidu_569.jpeg,0.7
/common/ahy/fogdata/img/HEB_Baidu_631.jpeg,0.7
/common/ahy/fogdata/img/HEB_Baidu_678.png,0.8
/common/ahy/fogdata/img/HEB_Baidu_706.png,0.8
/common/ahy/fogdata/img/HEB_Baidu_753.png,0.4
/common/ahy/fogdata/img/HEB_Baidu_786.png,0.5
/common/ahy/fogdata/img/HEB_Baidu_802.jpeg,0.4
/common/ahy/fogdata/img/HEB_Baidu_802.jpeg,0.4
/common/ahy/fogdata/img/HEB_Baidu_826.jpeg,0.3
/common/ahy/fogdata/img/HEB_Baidu_857.jpeg,0.5
/common/ahy/fogdata/img/HEB_Baidu_858.jpeg,0.2
/common/ahy/fogdata/img/HEB_Bing_005.png,0.5
/common/ahy/fogdata/img/HEB_Bing_007.jpeg,0.6
/common/ahy/fogdata/img/HEB_Bing_013.png,0.8
/common/ahy/fogdata/img/HEB_Bing_094.jpeg,0.2
/common/ahy/fogdata/img/HEB_Bing_107.jpeg,0.6
/common/ahy/fogdata/img/HEB_Bing_125.jpeg,0.4
/common/ahy/fogdata/img/HEB_Bing_171.jpeg,0.6
/common/ahy/fogdata/img/HEB_Bing_199.jpeg,0.7
/common/ahy/fogdata/img/HEB_Bing_233.jpeg,0.6
/common/ahy/fogdata/img/HEB_Bing_273.jpeg,0.6
/common/ahy/fogdata/img/HEB_Bing_578.jpeg,0.8
/common/ahy/fogdata/img/HEB_Bing_599.jpeg,0.4
/common/ahy/fogdata/img/HEB_Google_119.jpeg,0.5
/common/ahy/fogdata/img/HEB_Google_128.jpeg,0.6
/common/ahy/fogdata/img/HEB_Google_156.jpeg,0.3
/common/ahy/fogdata/img/HEB_Google_157.jpeg,0.7
/common/ahy/fogdata/img/HEB_Google_197.png,0.8
/common/ahy/fogdata/img/HEB_Google_257.png,0.5
/common/ahy/fogdata/img/HEB_Google_376.png,0.7
/common/ahy/fogdata/img/HEB_Google_473.jpeg,0.7
/common/ahy/fogdata/img/HEB_Google_615.png,0.8
/common/ahy/fogdata/img/HEB_Google_615.png,0.8
/common/ahy/fogdata/img/HF_Baidu_013.png,0.7
/common/ahy/fogdata/img/HF_Baidu_060.jpeg,0.5
/common/ahy/fogdata/img/HF_Baidu_081.png,0.6
/common/ahy/fogdata/img/HF_Baidu_130.png,0.7
/common/ahy/fogdata/img/HF_Baidu_141.jpeg,0.7
/common/ahy/fogdata/img/HF_Baidu_155.jpeg,0.6
/common/ahy/fogdata/img/HF_Baidu_209.png,0.7
/common/ahy/fogdata/img/HF_Baidu_214.jpeg,0.5
/common/ahy/fogdata/img/HF_Baidu_223.jpeg,0.8
/common/ahy/fogdata/img/HF_Baidu_266.jpeg,0.5
/common/ahy/fogdata/img/HF_Baidu_291.jpeg,0.8
/common/ahy/fogdata/img/HF_Baidu_30.png,0.6
/common/ahy/fogdata/img/HF_Baidu_305.jpeg,0.4
/common/ahy/fogdata/img/HF_Bing_033.jpeg,0.5
/common/ahy/fogdata/img/HF_Bing_11.png,0.8
/common/ahy/fogdata/img/HF_Bing_408.jpeg,0.8
/common/ahy/fogdata/img/HF_Bing_453.jpeg,0.5
/common/ahy/fogdata/img/HF_Bing_627.jpeg,0.4
/common/ahy/fogdata/img/HF_Bing_635.jpeg,0.1
/common/ahy/fogdata/img/HF_Bing_709.jpeg,0.5
/common/ahy/fogdata/img/HF_Bing_836.png,0.7
/common/ahy/fogdata/img/HF_Google_016.png,0.6
/common/ahy/fogdata/img/HF_Google_057.png,0.8
/common/ahy/fogdata/img/HF_Google_091.png,0.2
/common/ahy/fogdata/img/HF_Google_122.png,0.3
/common/ahy/fogdata/img/HF_Google_163.jpeg,0.4
/common/ahy/fogdata/img/HF_Google_339.png,0.6
/common/ahy/fogdata/img/HF_Google_447.png,0.6
/common/ahy/fogdata/img/HF_Google_533.png,0.7
/common/ahy/fogdata/img/HF_Google_610.png,0.6
/common/ahy/fogdata/img/HF_Google_623.png,0.2
/common/ahy/fogdata/img/hv15_23.png,0.7
/common/ahy/fogdata/img/hv15_28.png,0.7
/common/ahy/fogdata/img/hv2_10.png,0.5
/common/ahy/fogdata/img/hv2_45.png,0.5
/common/ahy/fogdata/img/hv24_28.png,0.7
/common/ahy/fogdata/img/hv27_386.png,0.8
/common/ahy/fogdata/img/hv28_157.png,0.8
/common/ahy/fogdata/img/hv28_198.png,0.8
/common/ahy/fogdata/img/hv28_3.png,0.9
/common/ahy/fogdata/img/hv3_79.png,0.6
/common/ahy/fogdata/img/hv3_91.png,0.6
/common/ahy/fogdata/img/hv35_157.png,0.5
/common/ahy/fogdata/img/hv35_327.png,0.6
/common/ahy/fogdata/img/hv36_306.png,0.6
/common/ahy/fogdata/img/hv37_571.png,0.5
/common/ahy/fogdata/img/hv38_127.png,0.6
/common/ahy/fogdata/img/hv38_210.png,0.6
/common/ahy/fogdata/img/hv39_28.png,0.4
/common/ahy/fogdata/img/hv40_10.png,0.4
/common/ahy/fogdata/img/hv40_150.png,0.5
/common/ahy/fogdata/img/hv40_255.png,0.5
/common/ahy/fogdata/img/hv40_412.png,0.5
/common/ahy/fogdata/img/hv40_49.png,0.6
/common/ahy/fogdata/img/hv42_297.png,0.5
/common/ahy/fogdata/img/hv42_774.png,0.6
/common/ahy/fogdata/img/hv43_451.png,0.7
/common/ahy/fogdata/img/hv47_588.png,0.6
/common/ahy/fogdata/img/hv47_642.png,0.8
/common/ahy/fogdata/img/hv48_4.png,0.6
/common/ahy/fogdata/img/hv50_26.png,0.5
/common/ahy/fogdata/img/hv50_304.png,0.5
/common/ahy/fogdata/img/hv6_154.png,0.4
/common/ahy/fogdata/img/hv8_256.png,0.5
/common/ahy/fogdata/img/hv9_188.png,0.8
/common/ahy/fogdata/img/hv9_198.png,0.7
/common/ahy/fogdata/img/hv9_215.png,0.8
/common/ahy/fogdata/img/IRQ_Google_495.png,0.6
/common/ahy/fogdata/img/IRQ_Google_523.png,0.3
/common/ahy/fogdata/img/JL_Baidu_014.png,0.6
/common/ahy/fogdata/img/JL_Baidu_016.png,0.6
/common/ahy/fogdata/img/JL_Baidu_089.png,0.5
/common/ahy/fogdata/img/JL_Baidu_146.png,0.8
/common/ahy/fogdata/img/JL_Baidu_222.png,0.6
/common/ahy/fogdata/img/JL_Bing_005.jpeg,0.7
/common/ahy/fogdata/img/JL_Bing_257.jpeg,0.6
/common/ahy/fogdata/img/JL_Bing_431.jpeg,0.4
/common/ahy/fogdata/img/JL_Google_145.png,0.5
/common/ahy/fogdata/img/JL_Google_152.jpeg,0.1
/common/ahy/fogdata/img/JL_Google_627.jpeg,0.6
/common/ahy/fogdata/img/KRO_Google_20.png,0.1
/common/ahy/fogdata/img/KRO_Google_576.png,0.4
/common/ahy/fogdata/img/LSJ_Baidu_1140.png,0.8
/common/ahy/fogdata/img/LSJ_Bing_453.png,0.1
/common/ahy/fogdata/img/LZ_Bing_454.png,0.1
/common/ahy/fogdata/img/LZ_Bing_658.jpeg,0.5
/common/ahy/fogdata/img/LZ_Bing_813.jpeg,0.1
/common/ahy/fogdata/img/MLS_Google_022.png,0.6
/common/ahy/fogdata/img/MLS_Google_171.png,0.7
/common/ahy/fogdata/img/NY_Baidu_316.png,0.1
/common/ahy/fogdata/img/NZL_Google_735.png,0.4
/common/ahy/fogdata/img/OLD_Google_071.png,0.8
/common/ahy/fogdata/img/OLD_Google_157.png,0.5
/common/ahy/fogdata/img/OLD_Google_158.png,0.5
/common/ahy/fogdata/img/OLD_Google_474.png,0.4
/common/ahy/fogdata/img/QC_Baidu_003.png,0.6
/common/ahy/fogdata/img/QC_Baidu_024.jpeg,0.5
/common/ahy/fogdata/img/QC_Baidu_049.jpeg,0.6
/common/ahy/fogdata/img/QC_Baidu_379.jpeg,0.4
/common/ahy/fogdata/img/QC_Baidu_393.jpeg,0.4
/common/ahy/fogdata/img/QC_Bing_830.jpeg,0.5
/common/ahy/fogdata/img/QC_Google_220.jpeg,0.4
/common/ahy/fogdata/img/QD_Baidu_021.jpeg,0.5
/common/ahy/fogdata/img/QD_Baidu_171.jpeg,0.8
/common/ahy/fogdata/img/QD_Bing_124.jpeg,0.4
/common/ahy/fogdata/img/QD_Bing_635.jpeg,0.4
/common/ahy/fogdata/img/QD_Google_026.jpeg,0.6
/common/ahy/fogdata/img/QD_Google_045.png,0.5
/common/ahy/fogdata/img/QD_Google_073.png,0.5
/common/ahy/fogdata/img/SH_Baidu_226.png,0.5
/common/ahy/fogdata/img/SH_Baidu_252.png,0.7
/common/ahy/fogdata/img/SH_Bing_274.jpeg,0.8
/common/ahy/fogdata/img/SH_Google_530.jpeg,0.4
/common/ahy/fogdata/img/SJZ_Baidu_040.jpeg,0.6
/common/ahy/fogdata/img/SJZ_Baidu_088.jpeg,0.6
/common/ahy/fogdata/img/SJZ_Baidu_099.jpeg,0.6
/common/ahy/fogdata/img/SJZ_Baidu_147.jpeg,0.4
/common/ahy/fogdata/img/SJZ_Baidu_224.jpeg,0.6
/common/ahy/fogdata/img/SJZ_Baidu_243.jpeg,0.7
/common/ahy/fogdata/img/SJZ_Baidu_244.jpeg,0.8
/common/ahy/fogdata/img/SJZ_Baidu_249.jpeg,0.8
/common/ahy/fogdata/img/SJZ_Baidu_332.png,0.6
/common/ahy/fogdata/img/SJZ_Baidu_408.jpeg,0.7
/common/ahy/fogdata/img/SJZ_Baidu_418.jpeg,0.5
/common/ahy/fogdata/img/SJZ_Baidu_437.jpeg,0.6
/common/ahy/fogdata/img/SJZ_Baidu_451.jpeg,0.6
/common/ahy/fogdata/img/SJZ_Baidu_891.png,0.2
/common/ahy/fogdata/img/SJZ_Bing_061.jpeg,0.6
/common/ahy/fogdata/img/SJZ_Bing_221.jpeg,0.5
/common/ahy/fogdata/img/SJZ_Bing_570.jpeg,0.1
/common/ahy/fogdata/img/SJZ_Google_175.jpeg,0.2
/common/ahy/fogdata/img/SJZ_Google_339.png,0.5
/common/ahy/fogdata/img/SJZ_Google_435.png,0.5
/common/ahy/fogdata/img/SJZ_Google_553.jpeg,0.6
/common/ahy/fogdata/img/SY_Baidu_045.jpeg,0.4
/common/ahy/fogdata/img/SY_Baidu_056.png,0.5
/common/ahy/fogdata/img/SY_Baidu_157.jpeg,0.5
/common/ahy/fogdata/img/SY_Baidu_160.png,0.5
/common/ahy/fogdata/img/SY_Baidu_274.jpeg,0.5
/common/ahy/fogdata/img/SY_Bing_175.jpeg,0.6
/common/ahy/fogdata/img/SY_Google_051.jpeg,0.6
/common/ahy/fogdata/img/SY_Google_138.jpeg,0.6
/common/ahy/fogdata/img/SY_Google_179.jpeg,0.5
/common/ahy/fogdata/img/SY_Google_303.jpeg,0.8
/common/ahy/fogdata/img/SY_Google_387.png,0.7
/common/ahy/fogdata/img/SY_Google_488.jpeg,0.5
/common/ahy/fogdata/img/TJ_Baidu_108.png,0.8
/common/ahy/fogdata/img/TJ_Baidu_227.png,0.4
/common/ahy/fogdata/img/TJ_Baidu_327.jpeg,0.3
/common/ahy/fogdata/img/TJ_Baidu_368.png,0.5
/common/ahy/fogdata/img/TJ_Baidu_534.png,0.6
/common/ahy/fogdata/img/TJ_Baidu_583.png,0.5
/common/ahy/fogdata/img/TJ_Baidu_711.png,0.6
/common/ahy/fogdata/img/TJ_Baidu_986.jpeg,0.1
/common/ahy/fogdata/img/TJ_Google_034.png,0.7
/common/ahy/fogdata/img/TJ_Google_411.png,0.4
/common/ahy/fogdata/img/TKO_Google_734.png,0.5
/common/ahy/fogdata/img/TKO_Google_805.png,0.5
/common/ahy/fogdata/img/TS_Baidu_198.jpeg,0.6
/common/ahy/fogdata/img/TS_Baidu_404.jpeg,0.7
/common/ahy/fogdata/img/TS_Baidu_486.jpeg,0.6
/common/ahy/fogdata/img/TS_Baidu_504.jpeg,0.8
/common/ahy/fogdata/img/TS_Baidu_550.png,0.5
/common/ahy/fogdata/img/TS_Bing_050.jpeg,0.7
/common/ahy/fogdata/img/TS_Bing_071.jpeg,0.2
/common/ahy/fogdata/img/TS_Bing_423.jpeg,0.3
/common/ahy/fogdata/img/TS_Bing_520.jpeg,0.2
/common/ahy/fogdata/img/TS_Bing_62.png,0.2
/common/ahy/fogdata/img/TS_Google_409.png,0.7
/common/ahy/fogdata/img/XA_Google_391.png,0.2
/common/ahy/fogdata/img/XG_Baidu_511.png,0.8
/common/ahy/fogdata/img/XR_Baidu_020.png,0.7
/common/ahy/fogdata/img/XR_Baidu_040.png,0.8
/common/ahy/fogdata/img/XR_Baidu_067.png,0.7
/common/ahy/fogdata/img/XR_Baidu_113.jpeg,0.6
/common/ahy/fogdata/img/XR_Baidu_127.jpeg,0.4
/common/ahy/fogdata/img/XR_Baidu_132.jpeg,0.5
/common/ahy/fogdata/img/XR_Baidu_134.jpeg,0.5
/common/ahy/fogdata/img/XR_Baidu_262.jpeg,0.5
/common/ahy/fogdata/img/XR_Baidu_269.png,0.8
/common/ahy/fogdata/img/XR_Baidu_286.jpeg,0.5
/common/ahy/fogdata/img/XR_Baidu_288.jpeg,0.7
/common/ahy/fogdata/img/XR_Baidu_315.jpeg,0.6
/common/ahy/fogdata/img/XR_Baidu_319.png,0.8
/common/ahy/fogdata/img/XR_Baidu_358.jpeg,0.7
/common/ahy/fogdata/img/XR_Baidu_375.jpeg,0.6
/common/ahy/fogdata/img/XR_Baidu_378.png,0.8
/common/ahy/fogdata/img/XR_Baidu_391.png,0.6
/common/ahy/fogdata/img/XR_Baidu_402.png,0.8
/common/ahy/fogdata/img/XR_Baidu_479.png,0.7
/common/ahy/fogdata/img/XR_Bing_058.jpeg,0.3
/common/ahy/fogdata/img/XR_Bing_058.png,0.3
/common/ahy/fogdata/img/XR_Bing_381.jpeg,0.3
/common/ahy/fogdata/img/XR_Bing_561.jpeg,0.5
/common/ahy/fogdata/img/XR_Bing_640.jpeg,0.4
/common/ahy/fogdata/img/XR_Bing_804.jpeg,0.4
/common/ahy/fogdata/img/XR_Google_095.jpeg,0.4
/common/ahy/fogdata/img/XR_Google_555.jpeg,0.9
/common/ahy/fogdata/img/XYT_Google_586.jpeg,0.6
/common/ahy/fogdata/img/YC_Baidu_108.png,0.6
/common/ahy/fogdata/img/YC_Baidu_137.png,0.5
/common/ahy/fogdata/img/YC_Google_062.png,0.6
/common/ahy/fogdata/img/YC_Google_533.jpeg,0.7
/common/ahy/fogdata/img/YD_Bing_11.png,0.9
/common/ahy/fogdata/img/YD_Bing_580.png,0.6
/common/ahy/fogdata/img/YD_Google_499.jpeg,0.4
/common/ahy/fogdata/img/YD_Google_508.jpeg,0.5
/common/ahy/fogdata/img/YSM_Bing_239.png,0.2
/common/ahy/fogdata/img/YT_Bing_014.png,0.8
/common/ahy/fogdata/img/YT_Google_043.png,0.7
/common/ahy/fogdata/img/YT_Google_296.png,0.1
/common/ahy/fogdata/img/YT_Google_881.png,0.8
/common/ahy/fogdata/img/img/1479425441182877835.jpg,0
/common/ahy/fogdata/img/img/1479425442032874172.jpg,0
/common/ahy/fogdata/img/img/1479425442882822631.jpg,0
/common/ahy/fogdata/img/img/1479425443682982187.jpg,0
/common/ahy/fogdata/img/img/1479425446233463132.jpg,0
/common/ahy/fogdata/img/img/1479425449383983954.jpg,0
/common/ahy/fogdata/img/img/1479425457185327174.jpg,0
/common/ahy/fogdata/img/img/1479425457485440946.jpg,0
/common/ahy/fogdata/img/img/1479425463886551352.jpg,0
/common/ahy/fogdata/img/img/1479425464486686174.jpg,0
/common/ahy/fogdata/img/img/1479425470487627112.jpg,0
/common/ahy/fogdata/img/img/1479425471087708350.jpg,0
/common/ahy/fogdata/img/img/1479425473738358929.jpg,0
/common/ahy/fogdata/img/img/1479425474688495756.jpg,0
/common/ahy/fogdata/img/img/1479425476938859087.jpg,0
/common/ahy/fogdata/img/img/1479425477739556250.jpg,0
/common/ahy/fogdata/img/img/1479425480239342730.jpg,0
/common/ahy/fogdata/img/img/1479425484540124506.jpg,0
/common/ahy/fogdata/img/img/1479425506043932577.jpg,0
/common/ahy/fogdata/img/img/1479425506644052165.jpg,0
/common/ahy/fogdata/img/img/1479425507644241617.jpg,0
/common/ahy/fogdata/img/img/1479425511694928976.jpg,0
/common/ahy/fogdata/img/img/1479425511894958536.jpg,0
/common/ahy/fogdata/img/img/1479425512494908025.jpg,0
/common/ahy/fogdata/img/img/1479425513145267172.jpg,0
/common/ahy/fogdata/img/img/1479425517895952489.jpg,0
/common/ahy/fogdata/img/img/1479425519746289904.jpg,0
/common/ahy/fogdata/img/img/1479425519996306554.jpg,0
/common/ahy/fogdata/img/img/1479425520546399407.jpg,0
/common/ahy/fogdata/img/img/1479425523446994860.jpg,0
/common/ahy/fogdata/img/img/1479425524847099141.jpg,0
/common/ahy/fogdata/img/img/1479425524947268033.jpg,0
/common/ahy/fogdata/img/img/1479425525997388389.jpg,0
/common/ahy/fogdata/img/img/1479425529047962986.jpg,0
/common/ahy/fogdata/img/img/1479425533248712270.jpg,0
/common/ahy/fogdata/img/img/1479425533548734817.jpg,0
/common/ahy/fogdata/img/img/1479425535849154219.jpg,0
/common/ahy/fogdata/img/img/1479425536449291580.jpg,0
/common/ahy/fogdata/img/img/1479425536649394335.jpg,0
/common/ahy/fogdata/img/img/1479425539799916152.jpg,0
/common/ahy/fogdata/img/img/1479425539950044587.jpg,0
/common/ahy/fogdata/img/img/1479425542000193075.jpg,0
/common/ahy/fogdata/img/img/1479425542700349426.jpg,0
/common/ahy/fogdata/img/img/1479425543050363591.jpg,0
/common/ahy/fogdata/img/img/1479425543500458904.jpg,0
/common/ahy/fogdata/img/img/1479425543550515024.jpg,0
/common/ahy/fogdata/img/img/1479425545600822488.jpg,0
/common/ahy/fogdata/img/img/1479425545700861090.jpg,0
/common/ahy/fogdata/img/img/1479425545950864790.jpg,0
/common/ahy/fogdata/img/img/1479425548501355826.jpg,0
/common/ahy/fogdata/img/img/1479425549051438596.jpg,0
/common/ahy/fogdata/img/img/1479425551251774088.jpg,0
/common/ahy/fogdata/img/img/1479425551502013753.jpg,0
/common/ahy/fogdata/img/img/1479425553802352463.jpg,0
/common/ahy/fogdata/img/img/1479425554002349647.jpg,0
/common/ahy/fogdata/img/img/1479425558053089789.jpg,0
/common/ahy/fogdata/img/img/1479425558403110144.jpg,0
/common/ahy/fogdata/img/img/1479425561853701249.jpg,0
/common/ahy/fogdata/img/img/1479425562003670376.jpg,0
/common/ahy/fogdata/img/img/1479425565954366726.jpg,0
/common/ahy/fogdata/img/img/1479425566554476305.jpg,0
/common/ahy/fogdata/img/img/1479425568354796491.jpg,0
/common/ahy/fogdata/img/img/1479425568604866857.jpg,0
/common/ahy/fogdata/img/img/1479425572205640218.jpg,0
/common/ahy/fogdata/img/img/1479425572855565875.jpg,0
/common/ahy/fogdata/img/img/1479425574855956462.jpg,0
/common/ahy/fogdata/img/img/1479425575005975094.jpg,0
/common/ahy/fogdata/img/img/1479425575506144444.jpg,0
/common/ahy/fogdata/img/img/1479425579606812429.jpg,0
/common/ahy/fogdata/img/img/1479425583007457114.jpg,0
/common/ahy/fogdata/img/img/1479425583557609371.jpg,0
/common/ahy/fogdata/img/img/1479425591708922465.jpg,0
/common/ahy/fogdata/img/img/1479425595609561710.jpg,0
/common/ahy/fogdata/img/img/1479425595909660777.jpg,0
/common/ahy/fogdata/img/img/1479425598210051875.jpg,0
/common/ahy/fogdata/img/img/1479425598410092600.jpg,0
/common/ahy/fogdata/img/img/1479425598760130937.jpg,0
/common/ahy/fogdata/img/img/1479425601910693021.jpg,0
/common/ahy/fogdata/img/img/1479425602510771493.jpg,0
/common/ahy/fogdata/img/img/1479425603110890751.jpg,0
/common/ahy/fogdata/img/img/1479425605961435172.jpg,0
/common/ahy/fogdata/img/img/1479425606511460714.jpg,0
/common/ahy/fogdata/img/img/1479425609962120790.jpg,0
/common/ahy/fogdata/img/img/1479425610062056159.jpg,0
/common/ahy/fogdata/img/img/1479425610562195404.jpg,0
/common/ahy/fogdata/img/img/1479425614112797900.jpg,0
/common/ahy/fogdata/img/img/1479425614612710677.jpg,0
/common/ahy/fogdata/img/img/1479425615212989502.jpg,0
/common/ahy/fogdata/img/img/1479425617813419438.jpg,0
/common/ahy/fogdata/img/img/1479425618663549758.jpg,0
/common/ahy/fogdata/img/img/1479425619013589441.jpg,0
/common/ahy/fogdata/img/img/1479425622764261030.jpg,0
/common/ahy/fogdata/img/img/1479425623164340984.jpg,0
/common/ahy/fogdata/img/img/1479425625864814780.jpg,0
/common/ahy/fogdata/img/img/1479425626665012218.jpg,0
/common/ahy/fogdata/img/img/1479425627165102098.jpg,0
/common/ahy/fogdata/img/img/1479425627515159382.jpg,0
/common/ahy/fogdata/img/img/1479425627615251107.jpg,0
/common/ahy/fogdata/img/img/1479425628115226800.jpg,0
/common/ahy/fogdata/img/img/1479425631815923604.jpg,0
/common/ahy/fogdata/img/img/1479425632115956339.jpg,0
/common/ahy/fogdata/img/img/1479425632766116785.jpg,0
/common/ahy/fogdata/img/img/1479425634316343002.jpg,0
/common/ahy/fogdata/img/img/1479425634816473054.jpg,0
/common/ahy/fogdata/img/img/1479425634866465827.jpg,0
/common/ahy/fogdata/img/img/1479425637516994830.jpg,0
/common/ahy/fogdata/img/img/1479425637717018345.jpg,0
/common/ahy/fogdata/img/img/1479425638016963143.jpg,0
/common/ahy/fogdata/img/img/1479425640217396139.jpg,0
/common/ahy/fogdata/img/img/1479425640317407407.jpg,0
/common/ahy/fogdata/img/img/1479425640567477826.jpg,0
/common/ahy/fogdata/img/img/1479425643367972062.jpg,0
/common/ahy/fogdata/img/img/1479425643468000594.jpg,0
/common/ahy/fogdata/img/img/1479425644518207952.jpg,0
/common/ahy/fogdata/img/img/1479425644818167917.jpg,0
/common/ahy/fogdata/img/img/1479425646468479128.jpg,0
/common/ahy/fogdata/img/img/1479425647018604847.jpg,0
/common/ahy/fogdata/img/img/1479425649468993419.jpg,0
/common/ahy/fogdata/img/img/1479425649719062815.jpg,0
/common/ahy/fogdata/img/img/1479425653769686308.jpg,0
/common/ahy/fogdata/img/img/1479425654019769198.jpg,0
/common/ahy/fogdata/img/img/1479425654169809929.jpg,0
/common/ahy/fogdata/img/img/1479425655070032014.jpg,0
/common/ahy/fogdata/img/img/1479425656470228315.jpg,0
/common/ahy/fogdata/img/img/1479425656620202893.jpg,0
/common/ahy/fogdata/img/img/1479425657170289634.jpg,0
/common/ahy/fogdata/img/img/1479425658720653283.jpg,0
/common/ahy/fogdata/img/img/1479425660020827157.jpg,0
/common/ahy/fogdata/img/img/1479425660470902418.jpg,0
/common/ahy/fogdata/img/img/1479425660920978674.jpg,0
/common/ahy/fogdata/img/img/1479425661020994244.jpg,0
/common/ahy/fogdata/img/img/1479425661070945772.jpg,0
/common/ahy/fogdata/img/img/1479425662821435198.jpg,0
/common/ahy/fogdata/img/img/1479425663271410126.jpg,0
/common/ahy/fogdata/img/img/1479425663621502415.jpg,0
/common/ahy/fogdata/img/img/1479425663871541490.jpg,0
/common/ahy/fogdata/img/img/1479425667172010234.jpg,0
/common/ahy/fogdata/img/img/1479425667222118047.jpg,0
/common/ahy/fogdata/img/img/1479425667322044930.jpg,0
/common/ahy/fogdata/img/img/1479425670772732241.jpg,0
/common/ahy/fogdata/img/img/1479425671222860108.jpg,0
/common/ahy/fogdata/img/img/1479425671822871579.jpg,0
/common/ahy/fogdata/img/img/1479425675123445949.jpg,0
/common/ahy/fogdata/img/img/1479425675823586227.jpg,0
/common/ahy/fogdata/img/img/1479425675973614051.jpg,0
/common/ahy/fogdata/img/img/1479425676873851653.jpg,0
/common/ahy/fogdata/img/img/1479425677123883566.jpg,0
/common/ahy/fogdata/img/img/1479425678124034386.jpg,0
/common/ahy/fogdata/img/img/1479425679774350066.jpg,0
/common/ahy/fogdata/img/img/1479425680724443315.jpg,0
/common/ahy/fogdata/img/img/1479425681474644938.jpg,0
/common/ahy/fogdata/img/img/1479425683975030131.jpg,0
/common/ahy/fogdata/img/img/1479425686675542278.jpg,0
/common/ahy/fogdata/img/img/1479425688125834238.jpg,0
/common/ahy/fogdata/img/img/1479425688875837581.jpg,0
/common/ahy/fogdata/img/img/1479425689075887945.jpg,0
/common/ahy/fogdata/img/img/1479425690126099706.jpg,0
/common/ahy/fogdata/img/img/1479425691776393766.jpg,0
/common/ahy/fogdata/img/img/1479425694876898853.jpg,0
/common/ahy/fogdata/img/img/1479425696127140086.jpg,0
/common/ahy/fogdata/img/img/1479425698327556013.jpg,0
/common/ahy/fogdata/img/img/1479425698927672001.jpg,0
/common/ahy/fogdata/img/img/1479425700177843374.jpg,0
/common/ahy/fogdata/img/img/1479425701027955778.jpg,0
/common/ahy/fogdata/img/img/1479425701928145562.jpg,0
/common/ahy/fogdata/img/img/1479425706378971755.jpg,0
/common/ahy/fogdata/img/img/1479425706578954622.jpg,0
/common/ahy/fogdata/img/img/1479425706778977181.jpg,0
/common/ahy/fogdata/img/img/1479425708579359824.jpg,0
/common/ahy/fogdata/img/img/1479425709129431650.jpg,0
/common/ahy/fogdata/img/img/1479425709279479553.jpg,0
/common/ahy/fogdata/img/img/1479425711279758020.jpg,0
/common/ahy/fogdata/img/img/1479425711729837417.jpg,0
/common/ahy/fogdata/img/img/1479425711829827057.jpg,0
/common/ahy/fogdata/img/img/1479425714280304441.jpg,0
/common/ahy/fogdata/img/img/1479425714380392387.jpg,0
/common/ahy/fogdata/img/img/1479425714680373362.jpg,0
/common/ahy/fogdata/img/img/1479425718030945901.jpg,0
/common/ahy/fogdata/img/img/1479425718631018111.jpg,0
/common/ahy/fogdata/img/img/1479425721881751009.jpg,0
/common/ahy/fogdata/img/img/frankfurt_000000_001236_leftImg8bit.png,0
/common/ahy/fogdata/img/img/frankfurt_000000_001751_leftImg8bit.png,0
/common/ahy/fogdata/img/img/frankfurt_000000_003920_leftImg8bit.png,0
/common/ahy/fogdata/img/img/frankfurt_000000_004617_leftImg8bit.png,0
/common/ahy/fogdata/img/img/frankfurt_000000_005543_leftImg8bit.png,0
/common/ahy/fogdata/img/img/frankfurt_000000_005898_leftImg8bit.png,0
/common/ahy/fogdata/img/img/frankfurt_000000_006589_leftImg8bit.png,0
/common/ahy/fogdata/img/img/frankfurt_000000_007365_leftImg8bit.png,0
/common/ahy/fogdata/img/img/frankfurt_000000_008206_leftImg8bit.png,0
/common/ahy/fogdata/img/img/frankfurt_000000_008451_leftImg8bit.png,0
/common/ahy/fogdata/img/img/frankfurt_000000_009291_leftImg8bit.png,0
/common/ahy/fogdata/img/img/frankfurt_000000_009561_leftImg8bit.png,0
/common/ahy/fogdata/img/img/frankfurt_000000_009688_leftImg8bit.png,0
/common/ahy/fogdata/img/img/frankfurt_000000_009969_leftImg8bit.png,0
/common/ahy/fogdata/img/img/frankfurt_000000_010351_leftImg8bit.png,0
/common/ahy/fogdata/img/img/frankfurt_000000_010763_leftImg8bit.png,0
/common/ahy/fogdata/img/img/frankfurt_000000_011007_leftImg8bit.png,0
/common/ahy/fogdata/img/img/frankfurt_000000_011074_leftImg8bit.png,0
/common/ahy/fogdata/img/img/frankfurt_000000_011461_leftImg8bit.png,0
/common/ahy/fogdata/img/img/frankfurt_000000_011810_leftImg8bit.png,0
/common/ahy/fogdata/img/img/frankfurt_000000_012009_leftImg8bit.png,0
/common/ahy/fogdata/img/img/frankfurt_000000_012121_leftImg8bit.png,0
/common/ahy/fogdata/img/img/frankfurt_000000_012868_leftImg8bit.png,0
/common/ahy/fogdata/img/img/frankfurt_000000_013067_leftImg8bit.png,0
/common/ahy/fogdata/img/img/frankfurt_000000_013240_leftImg8bit.png,0
/common/ahy/fogdata/img/img/frankfurt_000000_013382_leftImg8bit.png,0
/common/ahy/fogdata/img/img/frankfurt_000000_013942_leftImg8bit.png,0
/common/ahy/fogdata/img/img/frankfurt_000000_014480_leftImg8bit.png,0
/common/ahy/fogdata/img/img/frankfurt_000000_015389_leftImg8bit.png,0
/common/ahy/fogdata/img/img/frankfurt_000000_015676_leftImg8bit.png,0
/common/ahy/fogdata/img/img/frankfurt_000000_016005_leftImg8bit.png,0
/common/ahy/fogdata/img/img/frankfurt_000000_016286_leftImg8bit.png,0
/common/ahy/fogdata/img/img/frankfurt_000000_017228_leftImg8bit.png,0
/common/ahy/fogdata/img/img/frankfurt_000000_017476_leftImg8bit.png,0
/common/ahy/fogdata/img/img/frankfurt_000000_018797_leftImg8bit.png,0
/common/ahy/fogdata/img/img/frankfurt_000000_019607_leftImg8bit.png,0
/common/ahy/fogdata/img/img/frankfurt_000000_020215_leftImg8bit.png,0
/common/ahy/fogdata/img/img/frankfurt_000000_020321_leftImg8bit.png,0
/common/ahy/fogdata/img/img/frankfurt_000000_020880_leftImg8bit.png,0
/common/ahy/fogdata/img/img/frankfurt_000000_021879_leftImg8bit.png,0
/common/ahy/fogdata/img/img/frankfurt_000000_022254_leftImg8bit.png,0
/common/ahy/fogdata/img/img/frankfurt_000000_022797_leftImg8bit.png,0
/common/ahy/fogdata/img/img/frankfurt_000001_000538_leftImg8bit.png,0
/common/ahy/fogdata/img/img/frankfurt_000001_001464_leftImg8bit.png,0
/common/ahy/fogdata/img/img/frankfurt_000001_002512_leftImg8bit.png,0
/common/ahy/fogdata/img/img/frankfurt_000001_002646_leftImg8bit.png,0
/common/ahy/fogdata/img/img/frankfurt_000001_002759_leftImg8bit.png,0
/common/ahy/fogdata/img/img/frankfurt_000001_003056_leftImg8bit.png,0
/common/ahy/fogdata/img/img/frankfurt_000001_003588_leftImg8bit.png,0
/common/ahy/fogdata/img/img/frankfurt_000001_004327_leftImg8bit.png,0
/common/ahy/fogdata/img/img/frankfurt_000001_004736_leftImg8bit.png,0
/common/ahy/fogdata/img/img/frankfurt_000001_004859_leftImg8bit.png,0
/common/ahy/fogdata/img/img/frankfurt_000001_005184_leftImg8bit.png,0
/common/ahy/fogdata/img/img/frankfurt_000001_005410_leftImg8bit.png,0
/common/ahy/fogdata/img/img/frankfurt_000001_005703_leftImg8bit.png,0
/common/ahy/fogdata/img/img/frankfurt_000001_005898_leftImg8bit.png,0
/common/ahy/fogdata/img/img/frankfurt_000001_007285_leftImg8bit.png,0
/common/ahy/fogdata/img/img/frankfurt_000001_007407_leftImg8bit.png,0
/common/ahy/fogdata/img/img/frankfurt_000001_007622_leftImg8bit.png,0
/common/ahy/fogdata/img/img/frankfurt_000001_007857_leftImg8bit.png,0
/common/ahy/fogdata/img/img/frankfurt_000001_007973_leftImg8bit.png,0
/common/ahy/fogdata/img/img/frankfurt_000001_008200_leftImg8bit.png,0
/common/ahy/fogdata/img/img/frankfurt_000001_008688_leftImg8bit.png,0
/common/ahy/fogdata/img/img/frankfurt_000001_009058_leftImg8bit.png,0
/common/ahy/fogdata/img/img/frankfurt_000001_009504_leftImg8bit.png,0
/common/ahy/fogdata/img/img/frankfurt_000001_009854_leftImg8bit.png,0
/common/ahy/fogdata/img/img/frankfurt_000001_010444_leftImg8bit.png,0
/common/ahy/fogdata/img/img/frankfurt_000001_010830_leftImg8bit.png,0
/common/ahy/fogdata/img/img/frankfurt_000001_011162_leftImg8bit.png,0
/common/ahy/fogdata/img/img/frankfurt_000001_011715_leftImg8bit.png,0
/common/ahy/fogdata/img/img/frankfurt_000001_012038_leftImg8bit.png,0
/common/ahy/fogdata/img/img/frankfurt_000001_012519_leftImg8bit.png,0
/common/ahy/fogdata/img/img/frankfurt_000001_012738_leftImg8bit.png,0
/common/ahy/fogdata/img/img/frankfurt_000001_012870_leftImg8bit.png,0
/common/ahy/fogdata/img/img/frankfurt_000001_013016_leftImg8bit.png,0
/common/ahy/fogdata/img/img/frankfurt_000001_013496_leftImg8bit.png,0
/common/ahy/fogdata/img/img/frankfurt_000001_014221_leftImg8bit.png,0
/common/ahy/fogdata/img/img/frankfurt_000001_014406_leftImg8bit.png,0
/common/ahy/fogdata/img/img/frankfurt_000001_014565_leftImg8bit.png,0
/common/ahy/fogdata/img/img/frankfurt_000001_014741_leftImg8bit.png,0
/common/ahy/fogdata/img/img/frankfurt_000001_015328_leftImg8bit.png,0
/common/ahy/fogdata/img/img/frankfurt_000001_016029_leftImg8bit.png,0
/common/ahy/fogdata/img/img/frankfurt_000001_016273_leftImg8bit.png,0
/common/ahy/fogdata/img/img/frankfurt_000001_016462_leftImg8bit.png,0
/common/ahy/fogdata/img/img/frankfurt_000001_017101_leftImg8bit.png,0
/common/ahy/fogdata/img/img/frankfurt_000001_017459_leftImg8bit.png,0
/common/ahy/fogdata/img/img/frankfurt_000001_017842_leftImg8bit.png,0
/common/ahy/fogdata/img/img/frankfurt_000001_018113_leftImg8bit.png,0
/common/ahy/fogdata/img/img/frankfurt_000001_019698_leftImg8bit.png,0
/common/ahy/fogdata/img/img/frankfurt_000001_019854_leftImg8bit.png,0
/common/ahy/fogdata/img/img/frankfurt_000001_019969_leftImg8bit.png,0
/common/ahy/fogdata/img/img/frankfurt_000001_020046_leftImg8bit.png,0
/common/ahy/fogdata/img/img/frankfurt_000001_020287_leftImg8bit.png,0
/common/ahy/fogdata/img/img/frankfurt_000001_027325_leftImg8bit.png,0
/common/ahy/fogdata/img/img/frankfurt_000001_028335_leftImg8bit.png,0
/common/ahy/fogdata/img/img/frankfurt_000001_029236_leftImg8bit.png,0
/common/ahy/fogdata/img/img/frankfurt_000001_030067_leftImg8bit.png,0
/common/ahy/fogdata/img/img/frankfurt_000001_034047_leftImg8bit.png,0
/common/ahy/fogdata/img/img/frankfurt_000001_034816_leftImg8bit.png,0
/common/ahy/fogdata/img/img/frankfurt_000001_038245_leftImg8bit.png,0
/common/ahy/fogdata/img/img/frankfurt_000001_046504_leftImg8bit.png,0
/common/ahy/fogdata/img/img/frankfurt_000001_047178_leftImg8bit.png,0
/common/ahy/fogdata/img/img/frankfurt_000001_048654_leftImg8bit.png,0
/common/ahy/fogdata/img/img/frankfurt_000001_049078_leftImg8bit.png,0
/common/ahy/fogdata/img/img/frankfurt_000001_049209_leftImg8bit.png,0
/common/ahy/fogdata/img/img/frankfurt_000001_051807_leftImg8bit.png,0
/common/ahy/fogdata/img/img/frankfurt_000001_055062_leftImg8bit.png,0
/common/ahy/fogdata/img/img/frankfurt_000001_055306_leftImg8bit.png,0
/common/ahy/fogdata/img/img/frankfurt_000001_055387_leftImg8bit.png,0
/common/ahy/fogdata/img/img/frankfurt_000001_055603_leftImg8bit.png,0
/common/ahy/fogdata/img/img/frankfurt_000001_062509_leftImg8bit.png,0
/common/ahy/fogdata/img/img/frankfurt_000001_063045_leftImg8bit.png,0
/common/ahy/fogdata/img/img/frankfurt_000001_067178_leftImg8bit.png,0
/common/ahy/fogdata/img/img/frankfurt_000001_067735_leftImg8bit.png,0
/common/ahy/fogdata/img/img/frankfurt_000001_068208_leftImg8bit.png,0
/common/ahy/fogdata/img/img/frankfurt_000001_068772_leftImg8bit.png,0
/common/ahy/fogdata/img/img/frankfurt_000001_071781_leftImg8bit.png,0
/common/ahy/fogdata/img/img/frankfurt_000001_072155_leftImg8bit.png,0
/common/ahy/fogdata/img/img/frankfurt_000001_073088_leftImg8bit.png,0
/common/ahy/fogdata/img/img/frankfurt_000001_082087_leftImg8bit.png,0
/common/ahy/fogdata/img/img/frankfurt_000001_083029_leftImg8bit.png,0
/common/ahy/fogdata/img/img/frankfurt_000001_083852_leftImg8bit.png,0
/common/ahy/fogdata/img/img/lindau_000000_000019_leftImg8bit.png,0
/common/ahy/fogdata/img/img/lindau_000001_000019_leftImg8bit.png,0
/common/ahy/fogdata/img/img/lindau_000002_000019_leftImg8bit.png,0
/common/ahy/fogdata/img/img/lindau_000004_000019_leftImg8bit.png,0
/common/ahy/fogdata/img/img/lindau_000005_000019_leftImg8bit.png,0
/common/ahy/fogdata/img/img/lindau_000006_000019_leftImg8bit.png,0
/common/ahy/fogdata/img/img/lindau_000008_000019_leftImg8bit.png,0
/common/ahy/fogdata/img/img/lindau_000041_000019_leftImg8bit.png,0
/common/ahy/fogdata/img/img/lindau_000044_000019_leftImg8bit.png,0
/common/ahy/fogdata/img/img/lindau_000050_000019_leftImg8bit.png,0
/common/ahy/fogdata/img/img/munster_000000_000019_leftImg8bit.png,0
/common/ahy/fogdata/img/img/munster_000001_000019_leftImg8bit.png,0
/common/ahy/fogdata/img/img/munster_000003_000019_leftImg8bit.png,0
/common/ahy/fogdata/img/img/munster_000004_000019_leftImg8bit.png,0
/common/ahy/fogdata/img/img/munster_000008_000019_leftImg8bit.png,0
/common/ahy/fogdata/img/img/munster_000010_000019_leftImg8bit.png,0
/common/ahy/fogdata/img/img/munster_000011_000019_leftImg8bit.png,0
/common/ahy/fogdata/img/img/munster_000013_000019_leftImg8bit.png,0
/common/ahy/fogdata/img/img/munster_000022_000019_leftImg8bit.png,0
/common/ahy/fogdata/img/img/munster_000025_000019_leftImg8bit.png,0
/common/ahy/fogdata/img/img/munster_000027_000019_leftImg8bit.png,0
/common/ahy/fogdata/img/img/munster_000028_000019_leftImg8bit.png,0
/common/ahy/fogdata/img/img/munster_000029_000019_leftImg8bit.png,0
/common/ahy/fogdata/img/img/munster_000031_000019_leftImg8bit.png,0
/common/ahy/fogdata/img/img/munster_000036_000019_leftImg8bit.png,0
/common/ahy/fogdata/img/img/munster_000041_000019_leftImg8bit.png,0
/common/ahy/fogdata/img/img/munster_000044_000019_leftImg8bit.png,0
/common/ahy/fogdata/img/img/munster_000052_000019_leftImg8bit.png,0
/common/ahy/fogdata/img/img/munster_000055_000019_leftImg8bit.png,0
/common/ahy/fogdata/img/img/munster_000057_000019_leftImg8bit.png,0
/common/ahy/fogdata/img/img/munster_000062_000019_leftImg8bit.png,0
/common/ahy/fogdata/img/img/munster_000064_000019_leftImg8bit.png,0
/common/ahy/fogdata/img/img/munster_000066_000019_leftImg8bit.png,0
/common/ahy/fogdata/img/img/munster_000067_000019_leftImg8bit.png,0
/common/ahy/fogdata/img/img/munster_000069_000019_leftImg8bit.png,0
/common/ahy/fogdata/img/img/munster_000081_000019_leftImg8bit.png,0
/common/ahy/fogdata/img/img/munster_000082_000019_leftImg8bit.png,0
/common/ahy/fogdata/img/img/munster_000084_000019_leftImg8bit.png,0
/common/ahy/fogdata/img/img/munster_000085_000019_leftImg8bit.png,0
/common/ahy/fogdata/img/img/munster_000087_000019_leftImg8bit.png,0
/common/ahy/fogdata/img/img/munster_000096_000019_leftImg8bit.png,0
/common/ahy/fogdata/img/img/munster_000106_000019_leftImg8bit.png,0
/common/ahy/fogdata/img/img/munster_000107_000019_leftImg8bit.png,0
/common/ahy/fogdata/img/img/munster_000111_000019_leftImg8bit.png,0
/common/ahy/fogdata/img/img/munster_000112_000019_leftImg8bit.png,0
/common/ahy/fogdata/img/img/munster_000117_000019_leftImg8bit.png,0
/common/ahy/fogdata/img/img/munster_000118_000019_leftImg8bit.png,0
/common/ahy/fogdata/img/img/munster_000121_000019_leftImg8bit.png,0
/common/ahy/fogdata/img/img/munster_000122_000019_leftImg8bit.png,0
/common/ahy/fogdata/img/img/munster_000133_000019_leftImg8bit.png,0
/common/ahy/fogdata/img/img/munster_000135_000019_leftImg8bit.png,0
/common/ahy/fogdata/img/img/munster_000142_000019_leftImg8bit.png,0
/common/ahy/fogdata/img/img/munster_000143_000019_leftImg8bit.png,0
/common/ahy/fogdata/img/img/munster_000149_000019_leftImg8bit.png,0
/common/ahy/fogdata/img/img/munster_000151_000019_leftImg8bit.png,0
/common/ahy/fogdata/img/img/munster_000153_000019_leftImg8bit.png,0
/common/ahy/fogdata/img/img/munster_000157_000019_leftImg8bit.png,0
/common/ahy/fogdata/img/img/munster_000163_000019_leftImg8bit.png,0
